{"cameraMode":{"drawMode":0,"name":"Shaded","section":"Shading Mode"},"sceneLighting":false,"audioPlay":false,"sceneViewState":{"m_AlwaysRefresh":false,"showFog":true,"showSkybox":false,"showFlares":true,"showImageEffects":true,"showParticleSystems":true,"showVisualEffectGraphs":true,"m_FxEnabled":true},"in2DMode":false,"pivot":{"x":0.08432725071907044,"y":0.1148754432797432,"z":-0.11513221263885498},"rotation":{"x":0.37452343106269839,"y":-0.0428023561835289,"z":0.017315521836280824,"w":0.9260798096656799},"size":0.46446913480758669,"orthographic":false}