{"cameraMode":{"drawMode":0,"name":"Shaded","section":"Shading Mode"},"sceneLighting":true,"audioPlay":false,"sceneViewState":{"m_AlwaysRefresh":false,"showFog":true,"showSkybox":true,"showFlares":true,"showImageEffects":true,"showParticleSystems":true,"showVisualEffectGraphs":true,"m_FxEnabled":true},"in2DMode":false,"pivot":{"x":0.19749173521995545,"y":3.5833840370178224,"z":0.07420928031206131},"rotation":{"x":-0.11682431399822235,"y":0.5695720314979553,"z":-0.0829169899225235,"w":-0.809662401676178},"size":0.7081155180931091,"orthographic":false}