{"cameraMode":{"drawMode":0,"name":"Shaded","section":"Shading Mode"},"sceneLighting":false,"audioPlay":false,"sceneViewState":{"m_AlwaysRefresh":false,"showFog":true,"showSkybox":false,"showFlares":true,"showImageEffects":true,"showParticleSystems":true,"showVisualEffectGraphs":true,"m_FxEnabled":true},"in2DMode":false,"pivot":{"x":-15.872312545776368,"y":4.883718967437744,"z":14.978131294250489},"rotation":{"x":0.10154889523983002,"y":0.014781094156205655,"z":-0.001010049250908196,"w":0.994857132434845},"size":53.03300857543945,"orthographic":false}