{"cameraMode":{"drawMode":0,"name":"Shaded","section":"Shading Mode"},"sceneLighting":false,"audioPlay":false,"sceneViewState":{"m_AlwaysRefresh":false,"showFog":true,"showSkybox":false,"showFlares":true,"showImageEffects":true,"showParticleSystems":true,"showVisualEffectGraphs":true,"m_FxEnabled":true},"in2DMode":false,"pivot":{"x":0.28345373272895815,"y":1.5304162502288819,"z":0.15496766567230225},"rotation":{"x":0.1977917104959488,"y":0.04098905622959137,"z":-0.007665623910725117,"w":0.9795557260513306},"size":1.957003116607666,"orthographic":false}