{"cameraMode":{"drawMode":0,"name":"Shaded","section":"Shading Mode"},"sceneLighting":false,"audioPlay":false,"sceneViewState":{"m_AlwaysRefresh":false,"showFog":true,"showSkybox":false,"showFlares":true,"showImageEffects":true,"showParticleSystems":true,"showVisualEffectGraphs":true,"m_FxEnabled":true},"in2DMode":false,"pivot":{"x":0.20039188861846925,"y":1.3767467737197877,"z":0.16808806359767915},"rotation":{"x":0.08902490884065628,"y":-0.11054141074419022,"z":0.01015904638916254,"w":0.9899004697799683},"size":0.846118688583374,"orthographic":false}