{"cameraMode":{"drawMode":0,"name":"Shaded","section":"Shading Mode"},"sceneLighting":false,"audioPlay":false,"sceneViewState":{"m_AlwaysRefresh":false,"showFog":true,"showSkybox":false,"showFlares":true,"showImageEffects":true,"showParticleSystems":true,"showVisualEffectGraphs":true,"m_FxEnabled":true},"in2DMode":false,"pivot":{"x":0.23017287254333497,"y":-0.0018500685691833497,"z":0.5190026760101318},"rotation":{"x":0.10799475759267807,"y":-0.5478144884109497,"z":0.07214101403951645,"w":0.8266853094100952},"size":0.7747660875320435,"orthographic":false}